{"centro_titularidad":"PRIVADO","centro_nombre":"INSTITUTO VOX","direccion_coor_x":439513.0,"direccion_coor_y":4476920.0,"distancia":121.19948487467829}
{"centro_titularidad":"PRIVADO CONCERTADO","centro_nombre":"TEIDE II","direccion_coor_x":439841.0,"direccion_coor_y":4474146.0,"distancia":448.7129020946017}
{"centro_titularidad":"PÚBLICO","centro_nombre":"SANTA TERESA DE JESUS","direccion_coor_x":439759.0,"direccion_coor_y":4474678.0,"distancia":444.01352129048774}
{"centro_titularidad":"PÚBLICO-TITULARIDAD PRIVADA","centro_nombre":"ESCUELA DE FORMACION ESPEC. IMAGEN DIAG. HOSPITAL CLINICO SAN CARLOS","direccion_coor_x":438970.0,"direccion_coor_y":4476829.0,"distancia":2318.4563830272937}
